{
    "post": "/alerts/enrichmentMappings",
    "contentType": "application/vnd.sas.collection.triage.enrichment.mapping+json",
    "body": [
        [
            {
                "alertTypeID": "sfd_customer",
                "enrichmentFieldID": "sfd_account_number_enrch",
                "enrichmentVariablePathName": "message.debitaccount.number",
                "id": "account_number_em",
                "optLockVersion": -1,
                "version": 1
            },
            {
                "alertTypeID": "sfd_customer",
                "enrichmentFieldID": "sfd_customer_identifier_enrch",
                "enrichmentVariablePathName": "message.customer.identifier",
                "id": "customer_identifier_em",
                "optLockVersion": -1,
                "version": 1
            },
            {
                "alertTypeID": "sfd_customer",
                "enrichmentFieldID": "fired_flg_enrch",
                "enrichmentVariablePathName": "message.sas.rulefired.firedFlg",
                "id": "fired_flg_em",
                "optLockVersion": -1,
                "version": 1
            },
            {
                "alertTypeID": "sfd_customer",
                "enrichmentFieldID": "rule_ref_id_enrch",
                "enrichmentVariablePathName": "message.sas.rulefired.rulefired",
                "id": "rule_ref_id_em",
                "optLockVersion": -1,
                "version": 1
            },
            {
                "alertTypeID": "sfd_customer",
                "enrichmentFieldID": "sfd_cf_cardPresInd_enrch",
                "enrichmentVariablePathName": "message.cardfinancial.cardPresentInd",
                "id": "sfd_cf_cardPresInd_1_em",
                "optLockVersion": -1,
                "version": 1
            },
            {
                "alertTypeID": "sfd_customer",
                "enrichmentFieldID": "sfd_cf_currCode_enrch",
                "enrichmentVariablePathName": "message.cardfinancial.currencyCode",
                "id": "sfd_cf_currCode_1_em",
                "optLockVersion": -1,
                "version": 1
            },
            {
                "alertTypeID": "sfd_customer",
                "enrichmentFieldID": "sfd_cf_usdAmt_enrch",
                "enrichmentVariablePathName": "message.cardfinancial.usdAmount",
                "id": "sfd_cf_usdAmt_1_em",
                "optLockVersion": -1,
                "version": 1
            },
            {
                "alertTypeID": "sfd_customer",
                "enrichmentFieldID": "sfd_cst_addrCntryCode_enrch",
                "enrichmentVariablePathName": "message.customer.addressCountryCode",
                "id": "sfd_cst_addrCntryCode_1_em",
                "optLockVersion": -1,
                "version": 1
            },
            {
                "alertTypeID": "sfd_customer",
                "enrichmentFieldID": "sfd_cst_surname_enrch",
                "enrichmentVariablePathName": "message.customer.surname",
                "id": "sfd_cst_surname_1_em",
                "optLockVersion": -1,
                "version": 1
            },
            {
                "alertTypeID": "sfd_customer",
                "enrichmentFieldID": "sfd_cst_type_enrch",
                "enrichmentVariablePathName": "message.customer.type",
                "id": "sfd_cst_type_1_em",
                "optLockVersion": -1,
                "version": 1
            },
            {
                "alertTypeID": "sfd_customer",
                "enrichmentFieldID": "sfd_cus_type_enrch",
                "enrichmentVariablePathName": "message.solution.customerType",
                "id": "sfd_cus_type_1_em",
                "optLockVersion": -1,
                "version": 1
            },
            {
                "alertTypeID": "sfd_customer",
                "enrichmentFieldID": "sfd_dec_outcome_enrch",
                "enrichmentVariablePathName": "message.sas.decision.outcome",
                "id": "sfd_dec_outcome_1_em",
                "optLockVersion": -1,
                "version": 1
            },
            {
                "alertTypeID": "sfd_customer",
                "enrichmentFieldID": "sfd_dec_outcome_desc_enrch",
                "enrichmentVariablePathName": "message.sas.decision.outcomeName",
                "id": "sfd_dec_outcome_desc_1_em",
                "optLockVersion": -1,
                "version": 1
            },
            {
                "alertTypeID": "sfd_customer",
                "enrichmentFieldID": "sfd_py_creditCurrCode_enrch",
                "enrichmentVariablePathName": "message.payment.creditCurrencyCode",
                "id": "sfd_py_creditCurrCode_1_em",
                "optLockVersion": -1,
                "version": 1
            },
            {
                "alertTypeID": "sfd_customer",
                "enrichmentFieldID": "sfd_py_debitCurrCode_enrch",
                "enrichmentVariablePathName": "message.payment.debitCurrencyCode",
                "id": "sfd_py_debitCurrCode_1_em",
                "optLockVersion": -1,
                "version": 1
            },
            {
                "alertTypeID": "sfd_customer",
                "enrichmentFieldID": "sfd_py_usdAmt_enrch",
                "enrichmentVariablePathName": "message.payment.usdAmount",
                "id": "sfd_py_usdAmt_1_em",
                "optLockVersion": -1,
                "version": 1
            },
            {
                "alertTypeID": "sfd_customer",
                "enrichmentFieldID": "sfd_sol_activityType_enrch",
                "enrichmentVariablePathName": "message.solution.activityType",
                "id": "sfd_sol_activityType_1_em",
                "optLockVersion": -1,
                "version": 1
            },
            {
                "alertTypeID": "sfd_customer",
                "enrichmentFieldID": "sfd_sol_authType_enrch",
                "enrichmentVariablePathName": "message.solution.authenticationType",
                "id": "sfd_sol_authType_1_em",
                "optLockVersion": -1,
                "version": 1
            },
            {
                "alertTypeID": "sfd_customer",
                "enrichmentFieldID": "sfd_sol_chnType_enrch",
                "enrichmentVariablePathName": "message.solution.channelType",
                "id": "sfd_sol_chnType_1_em",
                "optLockVersion": -1,
                "version": 1
            },
            {
                "alertTypeID": "sfd_customer",
                "enrichmentFieldID": "sfd_sol_customerType_enrch",
                "enrichmentVariablePathName": "message.solution.customerType",
                "id": "sfd_sol_customerType_1_em",
                "optLockVersion": -1,
                "version": 1
            },
            {
                "alertTypeID": "sfd_customer",
                "enrichmentFieldID": "sfd_sol_origType_enrch",
                "enrichmentVariablePathName": "message.solution.originationType",
                "id": "sfd_sol_origType_1_em",
                "optLockVersion": -1,
                "version": 1
            }
        ]
    ]
}