{
    "post": "/alerts/triageTypes",
    "contentType": "application/vnd.sas.collection.triage.triage.type+json",
    "body": [
        [
            {
                "domainID": "online_fraud_domain",
                "id": "corporate_triage_type",
                "localizedName": "Corporate Triage Type",
                "name": "Corporate Triage Type",
                "optLockVersion": -1,
                "servicePriority": 2,
                "version": 1
            },
            {
                "defaultFlag": true,
                "domainID": "online_fraud_domain",
                "id": "individual_triage_type",
                "localizedName": "Individual Triage Type",
                "name": "Individual Triage Type",
                "optLockVersion": -1,
                "servicePriority": 1,
                "version": 1
            }
        ]
    ]
}