{
    "post": "/alerts/queues",
    "contentType": "application/vnd.sas.collection.triage.queue+json",
    "body": [
        [
            {
                "alertMaxDurationInQueue": 24,
                "defaultFlag": true,
                "domainID": "domain_default",
                "groupID": "SASTriageUsers",
                "id": "queue_default",
                "localizedName": "Default Queue",
                "name": "Default Queue",
                "optLockVersion": -1,
                "reactivationEnabled": false,
                "routingEnabled": true,
                "routingPriority": 32767,
                "serviceEnabled": true,
                "servicePriority": 32767,
                "serviceSortFieldOrder": "creationTimeStamp:ascending",
                "stickyFlag": false,
                "triageTypeID": "triage_type_default",
                "version": 1
            },
            {
                "alertMaxDurationInQueue": 8760,
                "defaultFlag": false,
                "domainID": "online_fraud_domain",
                "id": "high_corporate_queue",
                "localizedName": "High Corporate Queue",
                "name": "High Corporate Queue",
                "optLockVersion": -1,
                "reactivationEnabled": true,
                "routingEnabled": true,
                "routingPriority": 5,
                "serviceEnabled": true,
                "servicePriority": 5,
                "serviceSortFieldOrder": "creationTimeStamp:ascending",
                "stickyFlag": false,
                "triageTypeID": "corporate_triage_type",
                "version": 1
            },
            {
                "alertMaxDurationInQueue": 8760,
                "defaultFlag": false,
                "domainID": "online_fraud_domain",
                "id": "high_individual_queue",
                "localizedName": "High Individual Queue",
                "name": "High Individual Queue",
                "optLockVersion": -1,
                "reactivationEnabled": true,
                "routingEnabled": true,
                "routingPriority": 2,
                "serviceEnabled": true,
                "servicePriority": 2,
                "serviceSortFieldOrder": "creationTimeStamp:ascending",
                "stickyFlag": false,
                "triageTypeID": "individual_triage_type",
                "version": 1
            },
            {
                "alertMaxDurationInQueue": 8760,
                "defaultFlag": false,
                "domainID": "online_fraud_domain",
                "id": "low_corporate_queue",
                "localizedName": "Low Corporate Queue",
                "name": "Low Corporate Queue",
                "optLockVersion": -1,
                "reactivationEnabled": true,
                "routingEnabled": true,
                "routingPriority": 6,
                "serviceEnabled": true,
                "servicePriority": 6,
                "serviceSortFieldOrder": "creationTimeStamp:ascending",
                "stickyFlag": false,
                "triageTypeID": "corporate_triage_type",
                "version": 1
            },
            {
                "alertMaxDurationInQueue": 8760,
                "defaultFlag": false,
                "domainID": "online_fraud_domain",
                "id": "low_individual_queue",
                "localizedName": "Low Individual Queue",
                "name": "Low Individual Queue",
                "optLockVersion": -1,
                "reactivationEnabled": true,
                "routingEnabled": true,
                "routingPriority": 3,
                "serviceEnabled": true,
                "servicePriority": 3,
                "serviceSortFieldOrder": "creationTimeStamp:ascending",
                "stickyFlag": false,
                "triageTypeID": "individual_triage_type",
                "version": 1
            },
            {
                "alertMaxDurationInQueue": 8760,
                "defaultFlag": false,
                "domainID": "online_fraud_domain",
                "id": "manager_corporate_queue",
                "localizedName": "Manager Corporate Queue",
                "name": "Manager Corporate Queue",
                "optLockVersion": -1,
                "reactivationEnabled": true,
                "routingEnabled": true,
                "routingPriority": 4,
                "serviceEnabled": true,
                "servicePriority": 4,
                "serviceSortFieldOrder": "creationTimeStamp:ascending",
                "stickyFlag": false,
                "triageTypeID": "corporate_triage_type",
                "version": 1
            },
            {
                "alertMaxDurationInQueue": 8760,
                "defaultFlag": false,
                "domainID": "online_fraud_domain",
                "id": "manager_individual_queue",
                "localizedName": "Manager Individual Queue",
                "name": "Manager Individual Queue",
                "optLockVersion": -1,
                "reactivationEnabled": true,
                "routingEnabled": true,
                "routingPriority": 1,
                "serviceEnabled": true,
                "servicePriority": 1,
                "serviceSortFieldOrder": "creationTimeStamp:ascending",
                "stickyFlag": false,
                "triageTypeID": "individual_triage_type",
                "version": 1
            },
            {
                "alertMaxDurationInQueue": 24,
                "defaultFlag": true,
                "domainID": "online_fraud_domain",
                "id": "online_fraud_domain",
                "localizedName": "Online Fraud Domain",
                "name": "Online Fraud Domain",
                "optLockVersion": -1,
                "reactivationEnabled": false,
                "routingEnabled": true,
                "routingPriority": 32767,
                "serviceEnabled": false,
                "servicePriority": 32767,
                "serviceSortFieldOrder": "creationTimeStamp:ascending",
                "stickyFlag": false,
                "triageTypeID": "online_fraud_domain",
                "version": 1
            },
            {
                "alertMaxDurationInQueue": 24,
                "defaultFlag": true,
                "domainID": "sfd_payment_fraud",
                "groupID": "Fraud_Decisioning_Administrator",
                "id": "sfd_payment_fraud",
                "localizedName": "Payment Fraud",
                "name": "Payment Fraud",
                "optLockVersion": -1,
                "reactivationEnabled": false,
                "routingEnabled": false,
                "routingPriority": 32767,
                "serviceEnabled": false,
                "servicePriority": 32767,
                "serviceSortFieldOrder": "creationTimeStamp:ascending",
                "stickyFlag": false,
                "triageTypeID": "sfd_payment_fraud",
                "version": 1
            }
        ]
    ]
}