{
    "post": "/alerts/queues",
    "contentType": "application/vnd.sas.collection.triage.queue+json",
    "body": [
        [
            {
                "alertMaxDurationInQueue": 8760,
                "defaultFlag": false,
                "domainID": "online_fraud_domain",
                "groupID": "high_corporate_group",
                "id": "high_corporate_queue",
                "localizedName": "High Corporate Queue",
                "name": "High Corporate Queue",
                "optLockVersion": -1,
                "reactivationEnabled": false,
                "reactivationRule": "1==1",
                "routingEnabled": true,
                "routingPriority": 5,
                "routingRule": "enrichmentData.sfd_dec_outcome_enrch\u003e10\u0026\u0026enrichmentData.sfd_cus_type_enrch=='BU'",
                "serviceEnabled": true,
                "servicePriority": 5,
                "serviceSortFieldOrder": "creationTimeStamp:ascending",
                "stickyFlag": false,
                "triageTypeID": "corporate_triage_type",
                "version": 1
            },
            {
                "alertMaxDurationInQueue": 8760,
                "defaultFlag": false,
                "domainID": "online_fraud_domain",
                "groupID": "high_individual_group",
                "id": "high_individual_queue",
                "localizedName": "High Individual Queue",
                "name": "High Individual Queue",
                "optLockVersion": -1,
                "reactivationEnabled": true,
                "reactivationRule": "1==1",
                "routingEnabled": true,
                "routingPriority": 2,
                "routingRule": "enrichmentData.sfd_dec_outcome_enrch\u003e10\u0026\u0026enrichmentData.sfd_cus_type_enrch=='PE'",
                "serviceEnabled": true,
                "servicePriority": 2,
                "serviceSortFieldOrder": "creationTimeStamp:ascending",
                "stickyFlag": false,
                "triageTypeID": "individual_triage_type",
                "version": 1
            },
            {
                "alertMaxDurationInQueue": 8760,
                "defaultFlag": false,
                "domainID": "online_fraud_domain",
                "groupID": "low_corporate_group",
                "id": "low_corporate_queue",
                "localizedName": "Low Corporate Queue",
                "name": "Low Corporate Queue",
                "optLockVersion": -1,
                "reactivationEnabled": true,
                "reactivationRule": "1==1",
                "routingEnabled": true,
                "routingPriority": 102,
                "routingRule": "enrichmentData.sfd_dec_outcome_enrch\u003c=10\u0026\u0026enrichmentData.sfd_cus_type_enrch=='BU'",
                "serviceEnabled": true,
                "servicePriority": 3,
                "serviceSortFieldOrder": "creationTimeStamp:ascending",
                "stickyFlag": false,
                "triageTypeID": "corporate_triage_type",
                "version": 1
            },
            {
                "alertMaxDurationInQueue": 8760,
                "defaultFlag": false,
                "domainID": "online_fraud_domain",
                "groupID": "low_individual_group",
                "id": "low_individual_queue",
                "localizedName": "Low Individual Queue",
                "name": "Low Individual Queue",
                "optLockVersion": -1,
                "reactivationEnabled": true,
                "reactivationRule": "1==1",
                "routingEnabled": true,
                "routingPriority": 101,
                "routingRule": "enrichmentData.sfd_dec_outcome_enrch\u003c=10\u0026\u0026enrichmentData.sfd_cus_type_enrch=='PE'",
                "serviceEnabled": true,
                "servicePriority": 3,
                "serviceSortFieldOrder": "creationTimeStamp:ascending",
                "stickyFlag": false,
                "triageTypeID": "individual_triage_type",
                "version": 1
            },
            {
                "alertMaxDurationInQueue": 8760,
                "defaultFlag": false,
                "domainID": "online_fraud_domain",
                "groupID": "manager_corporate_group",
                "id": "manager_corporate_queue",
                "localizedName": "Manager Corporate Queue",
                "name": "Manager Corporate Queue",
                "optLockVersion": -1,
                "reactivationEnabled": true,
                "reactivationRule": "1==1",
                "routingEnabled": true,
                "routingPriority": 4,
                "serviceEnabled": true,
                "servicePriority": 4,
                "serviceSortFieldOrder": "creationTimeStamp:ascending",
                "stickyFlag": false,
                "triageTypeID": "corporate_triage_type",
                "version": 1
            },
            {
                "alertMaxDurationInQueue": 8760,
                "defaultFlag": false,
                "domainID": "online_fraud_domain",
                "groupID": "manager_individual_group",
                "id": "manager_individual_queue",
                "localizedName": "Manager Individual Queue",
                "name": "Manager Individual Queue",
                "optLockVersion": -1,
                "reactivationEnabled": true,
                "reactivationRule": "1==1",
                "routingEnabled": true,
                "routingPriority": 1,
                "serviceEnabled": true,
                "servicePriority": 1,
                "serviceSortFieldOrder": "creationTimeStamp:ascending",
                "stickyFlag": false,
                "triageTypeID": "individual_triage_type",
                "version": 1
            }
        ]
    ]
}