{
    "post": "/alerts/alertTypes",
    "contentType": "application/vnd.sas.collection.triage.alert.type+json",
    "body": [
        [
            {
                "actionableEntityTypeID": "sfd_company",
                "actionableEntityVariablePathName": "message.company.identifier",
                "code": "sfd_company",
                "contactEntityTypeID": "sfd_company",
                "contactEntityVariablePathName": "message.company.identifier",
                "description": "Company",
                "domainID": "sfd_payment_fraud",
                "id": "sfd_company",
                "localizedDescription": "Company",
                "localizedName": "Company",
                "name": "Company",
                "optLockVersion": -1,
                "version": 1
            },
            {
                "actionableEntityTypeID": "sfd_creditacc",
                "actionableEntityVariablePathName": "message.creditaccount.number",
                "code": "sfd_creditacc",
                "contactEntityTypeID": "sfd_customer",
                "contactEntityVariablePathName": "message.customer.identifier",
                "description": "Credit Account",
                "domainID": "sfd_payment_fraud",
                "id": "sfd_creditacc",
                "localizedDescription": "Credit Account",
                "localizedName": "Credit Account",
                "name": "Credit Account",
                "optLockVersion": -1,
                "version": 1
            },
            {
                "actionableEntityTypeID": "sfd_creditcard",
                "actionableEntityVariablePathName": "message.creditcard.number",
                "code": "sfd_creditcard",
                "contactEntityTypeID": "sfd_customer",
                "contactEntityVariablePathName": "message.customer.identifier",
                "description": "Credit Card",
                "domainID": "sfd_payment_fraud",
                "id": "sfd_creditcard",
                "localizedDescription": "Credit Card",
                "localizedName": "Credit Card",
                "name": "Credit Card",
                "optLockVersion": -1,
                "parentEntityTypeID": "sfd_customer",
                "parentEntityVariablePathName": "message.customer.identifier",
                "version": 1
            },
            {
                "actionableEntityTypeID": "sfd_customer",
                "actionableEntityVariablePathName": "message.customer.identifier",
                "code": "sfd_customer",
                "contactEntityTypeID": "sfd_customer",
                "contactEntityVariablePathName": "message.customer.identifier",
                "description": "Customer",
                "domainID": "online_fraud_domain",
                "id": "sfd_customer",
                "localizedDescription": "Customer",
                "localizedName": "Customer",
                "name": "Customer",
                "optLockVersion": -1,
                "parentEntityTypeID": "sfd_customer",
                "parentEntityVariablePathName": "message.customer.identifier",
                "version": 1
            },
            {
                "actionableEntityTypeID": "sfd_debitacc",
                "actionableEntityVariablePathName": "message.debitaccount.number",
                "code": "sfd_debitacc",
                "contactEntityTypeID": "sfd_customer",
                "contactEntityVariablePathName": "message.customer.identifier",
                "description": "Debit Account",
                "domainID": "sfd_payment_fraud",
                "id": "sfd_debitacc",
                "localizedDescription": "Debit Account",
                "localizedName": "Debit Account",
                "name": "Debit Account",
                "optLockVersion": -1,
                "parentEntityTypeID": "sfd_customer",
                "parentEntityVariablePathName": "message.customer.identifier",
                "version": 1
            },
            {
                "actionableEntityTypeID": "sfd_debitcard",
                "actionableEntityVariablePathName": "message.debitcard.number",
                "code": "sfd_debitcard",
                "contactEntityTypeID": "sfd_customer",
                "contactEntityVariablePathName": "message.customer.identifier",
                "description": "Debit Card",
                "domainID": "sfd_payment_fraud",
                "id": "sfd_debitcard",
                "localizedDescription": "Debit Card",
                "localizedName": "Debit Card",
                "name": "Debit Card",
                "optLockVersion": -1,
                "parentEntityTypeID": "sfd_customer",
                "parentEntityVariablePathName": "message.customer.identifier",
                "version": 1
            },
            {
                "actionableEntityTypeID": "sfd_merchant",
                "actionableEntityVariablePathName": "message.merchant.identifier",
                "code": "sfd_merchant",
                "description": "Merchant",
                "domainID": "sfd_payment_fraud",
                "id": "sfd_merchant",
                "localizedDescription": "Merchant",
                "localizedName": "Merchant",
                "name": "Merchant",
                "optLockVersion": -1,
                "version": 1
            }
        ]
    ]
}