{
    "post": "/alerts/alertTypes",
    "contentType": "application/vnd.sas.collection.triage.alert.type+json",
    "body": [
        [
            {
                "actionableEntityTypeID": "sfd_customer",
                "actionableEntityVariablePathName": "message.customer.identifier",
                "code": "sfd_customer",
                "contactEntityTypeID": "sfd_customer",
                "contactEntityVariablePathName": "message.customer.identifier",
                "description": "Customer",
                "domainID": "online_fraud_domain",
                "id": "sfd_customer",
                "localizedDescription": "Customer",
                "localizedName": "Customer",
                "name": "Customer",
                "optLockVersion": -1,
                "parentEntityTypeID": "sfd_customer",
                "parentEntityVariablePathName": "message.customer.identifier",
                "version": 1
            }
        ]
    ]
}