{
    "post": "/alerts/actions/groups",
    "contentType": "application/vnd.sas.collection.triage.action.group+json",
    "body": [
        [
            {
                "builtInFlag": false,
                "id": "SFD_AUTO_CLOSE_ALERT_1_HOUR",
                "localizedName": "Auto close alert after 1 hour",
                "members": [
                    {
                        "argumentsJSON": "[{\"name\": \"autoCloseDuration\", \"value\": 1}]",
                        "id": "auto-close-alert",
                        "localizationKey": "",
                        "name": "",
                        "order": 1,
                        "validationJSON": ""
                    }
                ],
                "name": "Auto close alert after 1 hour",
                "optLockVersion": -1,
                "version": 1
            },
            {
                "builtInFlag": true,
                "description": "Built-in close",
                "id": "AD_BUILT_IN_CLOSE",
                "localizedDescription": "Built-in close",
                "localizedName": "Built-in close",
                "members": [
                    {
                        "argumentsJSON": "",
                        "id": "close-alert",
                        "localizationKey": "",
                        "localizedName": "Close Alert",
                        "name": "Close Alert",
                        "order": 1,
                        "validationJSON": ""
                    },
                    {
                        "argumentsJSON": "[{ \"name\": \"productivityRating\", \"value\": \"UNPRODUCTIVE\"}]",
                        "id": "set-productivity-rating",
                        "localizationKey": "",
                        "name": "",
                        "order": 2,
                        "validationJSON": ""
                    }
                ],
                "name": "Built-in close",
                "optLockVersion": -1,
                "version": 1
            },
            {
                "builtInFlag": true,
                "description": "Built-in re-activate",
                "id": "AD_BUILT_IN_REACTIVATE",
                "localizedDescription": "Built-in re-activate",
                "localizedName": "Built-in re-activate",
                "members": [
                    {
                        "argumentsJSON": "",
                        "id": "reactivate-alert",
                        "localizationKey": "",
                        "localizedName": "Reactivate Alert",
                        "name": "Reactivate Alert",
                        "order": 1,
                        "validationJSON": ""
                    }
                ],
                "name": "Built-in re-activate",
                "optLockVersion": -1,
                "version": 1
            },
            {
                "builtInFlag": false,
                "id": "SFD_CLOSED_INDETERMINATE",
                "localizedName": "Close Indeterminate",
                "members": [
                    {
                        "argumentsJSON": "[{\"name\": \"productivityRating\", \"value\": \"INDETERMINATE\"}]",
                        "id": "set-productivity-rating",
                        "localizationKey": "",
                        "localizedName": "Set Productivity",
                        "name": "Set Productivity",
                        "order": 1,
                        "validationJSON": ""
                    },
                    {
                        "argumentsJSON": "[{\"name\": \"autoCloseDuration\", \"value\": 720}]",
                        "id": "auto-close-alert",
                        "localizationKey": "",
                        "name": "",
                        "order": 2,
                        "validationJSON": ""
                    }
                ],
                "name": "Close Indeterminate",
                "optLockVersion": -1,
                "version": 1
            },
            {
                "builtInFlag": false,
                "id": "SFD_CLOSED_PRODUCTIVE",
                "localizedName": "Close Productive",
                "members": [
                    {
                        "argumentsJSON": "[{\"name\": \"productivityRating\", \"value\": \"PRODUCTIVE\"}]",
                        "id": "set-productivity-rating",
                        "localizationKey": "",
                        "localizedName": "Set Productivity",
                        "name": "Set Productivity",
                        "order": 1,
                        "validationJSON": ""
                    },
                    {
                        "argumentsJSON": "[{\"name\": \"autoCloseDuration\", \"value\": 720}]",
                        "id": "auto-close-alert",
                        "localizationKey": "",
                        "name": "",
                        "order": 2,
                        "validationJSON": ""
                    }
                ],
                "name": "Close Productive",
                "optLockVersion": -1,
                "version": 1
            },
            {
                "builtInFlag": false,
                "id": "SFD_CLOSED_UNPRODUCTIVE",
                "localizedName": "Close Unproductive",
                "members": [
                    {
                        "argumentsJSON": "[{\"name\": \"productivityRating\", \"value\": \"UNPRODUCTIVE\"}]",
                        "id": "set-productivity-rating",
                        "localizationKey": "",
                        "name": "",
                        "order": 1,
                        "validationJSON": ""
                    },
                    {
                        "argumentsJSON": "[{\"name\": \"autoCloseDuration\", \"value\": 720}]",
                        "id": "auto-close-alert",
                        "localizationKey": "",
                        "name": "",
                        "order": 2,
                        "validationJSON": ""
                    }
                ],
                "name": "Close Unproductive",
                "optLockVersion": -1,
                "version": 1
            },
            {
                "builtInFlag": false,
                "id": "SFD_INTERACTIVE_CLOSE",
                "localizedName": "Close alert at specified date and time",
                "members": [
                    {
                        "argumentsJSON": "",
                        "id": "interactive-auto-close-alert",
                        "localizationKey": "",
                        "name": "",
                        "order": 1,
                        "validationJSON": ""
                    }
                ],
                "name": "Close alert at specified date and time",
                "optLockVersion": -1,
                "version": 1
            },
            {
                "builtInFlag": false,
                "id": "MOVE_TO_MANAGER_INIVIDUAL_AG",
                "localizedName": "Move to Queue - Magaer Individual",
                "members": [
                    {
                        "argumentsJSON": "",
                        "id": "interactive-move-to-queue",
                        "localizationKey": "",
                        "name": "",
                        "order": 1,
                        "validationJSON": "[{\"name\": \"validQueueIDs\", \"value\": \"manager_individual_queue\"}]"
                    },
                    {
                        "argumentsJSON": "",
                        "id": "interactive-set-reason-code",
                        "localizationKey": "",
                        "name": "",
                        "order": 2,
                        "validationJSON": ""
                    }
                ],
                "name": "Move to Queue - Magaer Individual",
                "optLockVersion": -1,
                "version": 1
            },
            {
                "builtInFlag": false,
                "id": "MOVE_TO_MANAGER_CORPORATE_AG",
                "localizedName": "Move to Queue - Manager Corporate",
                "members": [
                    {
                        "argumentsJSON": "",
                        "id": "interactive-move-to-queue",
                        "localizationKey": "",
                        "name": "",
                        "order": 1,
                        "validationJSON": "[{\"name\": \"validQueueIDs\", \"value\": \"manager_corporate_queue\"}]"
                    }
                ],
                "name": "Move to Queue - Manager Corporate",
                "optLockVersion": -1,
                "version": 1
            },
            {
                "builtInFlag": false,
                "id": "SFD_INTERACTIVE_SUSPEND",
                "localizedName": "Reschedule",
                "members": [
                    {
                        "argumentsJSON": "",
                        "id": "interactive-suspend-alert",
                        "localizationKey": "",
                        "name": "",
                        "order": 1,
                        "validationJSON": ""
                    }
                ],
                "name": "Reschedule",
                "optLockVersion": -1,
                "version": 1
            },
            {
                "builtInFlag": false,
                "id": "SFD_SEND_OUTBOUND_CONTACT",
                "localizedName": "Send outbound contact",
                "members": [
                    {
                        "argumentsJSON": "[{\"name\": \"label\", \"value\": \"Initiate Contact\"},{\"name\": \"actionType\", \"value\": \"initiate-contact\"},{\"name\": \"topic\", \"value\": \"sas-alert-topic-outbound\"}]",
                        "id": "external-send-to-kafka",
                        "localizationKey": "",
                        "name": "",
                        "order": 1,
                        "validationJSON": ""
                    }
                ],
                "name": "Send outbound contact",
                "optLockVersion": -1,
                "version": 1
            },
            {
                "builtInFlag": false,
                "id": "SFD_SKIP_ALERT",
                "localizedName": "Skip",
                "members": [
                    {
                        "argumentsJSON": "[{\"name\": \"suspendDuration\", \"value\": 1}]",
                        "id": "suspend-alert",
                        "localizationKey": "",
                        "name": "",
                        "order": 1,
                        "validationJSON": ""
                    }
                ],
                "name": "Skip",
                "optLockVersion": -1,
                "version": 1
            },
            {
                "builtInFlag": false,
                "id": "SFD_SUSPEND_ALERT_1_HOUR",
                "localizedName": "suspend alert for 1 hour",
                "members": [
                    {
                        "argumentsJSON": "[{ \"name\": \"suspendDuration\", \"value\": 1 }]",
                        "id": "suspend-alert",
                        "localizationKey": "",
                        "name": "",
                        "order": 1,
                        "validationJSON": ""
                    },
                    {
                        "argumentsJSON": "",
                        "id": "interactive-set-reason-code",
                        "localizationKey": "",
                        "name": "",
                        "order": 2,
                        "validationJSON": ""
                    }
                ],
                "name": "suspend alert for 1 hour",
                "optLockVersion": -1,
                "version": 1
            }
        ]
    ]
}