{
    "post": "/alerts/entityTypes",
    "contentType": "application/vnd.sas.collection.triage.entity.type+json",
    "body": [
        [
            {
                "id": "sfd_company",
                "localizedName": "Company",
                "name": "Company",
                "optLockVersion": -1,
                "parentEntityTypeID": "",
                "rootEntityTypeID": "",
                "version": 1
            },
            {
                "id": "sfd_creditacc",
                "localizedName": "Credit Account",
                "name": "Credit Account",
                "optLockVersion": -1,
                "parentEntityTypeID": "",
                "rootEntityTypeID": "",
                "version": 1
            },
            {
                "id": "sfd_creditcard",
                "localizedName": "Credit Card",
                "name": "Credit Card",
                "optLockVersion": -1,
                "parentEntityTypeID": "",
                "rootEntityTypeID": "",
                "version": 1
            },
            {
                "id": "sfd_customer",
                "localizedName": "Customer",
                "name": "Customer",
                "optLockVersion": -1,
                "parentEntityTypeID": "",
                "rootEntityTypeID": "",
                "version": 1
            },
            {
                "id": "sfd_debitacc",
                "localizedName": "Debit Account",
                "name": "Debit Account",
                "optLockVersion": -1,
                "parentEntityTypeID": "",
                "rootEntityTypeID": "",
                "version": 1
            },
            {
                "id": "sfd_debitcard",
                "localizedName": "Debit Card",
                "name": "Debit Card",
                "optLockVersion": -1,
                "parentEntityTypeID": "",
                "rootEntityTypeID": "",
                "version": 1
            },
            {
                "id": "sfd_merchant",
                "localizedName": "Merchant",
                "name": "Merchant",
                "optLockVersion": -1,
                "parentEntityTypeID": "",
                "rootEntityTypeID": "",
                "version": 1
            }
        ]
    ]
}