{
    "post": "/alerts/dispositions",
    "contentType": "application/vnd.sas.collection.triage.disposition+json",
    "body": [
        [
            {
                "actionGroupID": "AD_BUILT_IN_CLOSE",
                "builtInFlag": true,
                "bulkApplyFlag": false,
                "description": "Close the alert immediately.",
                "id": "AD_BUILT_IN_CLOSE",
                "includeTxMarkingsFlag": false,
                "localizedDescription": "Close the alert immediately.",
                "localizedName": "Close Immediately",
                "name": "Close Immediately",
                "optLockVersion": -1,
                "version": 1
            },
            {
                "actionGroupID": "SFD_INTERACTIVE_SUSPEND",
                "builtInFlag": false,
                "bulkApplyFlag": false,
                "description": "Close alert at specified date and time",
                "id": "SFD_CLOSE_ALERT_AT_DT_DISPOSITION",
                "includeTxMarkingsFlag": false,
                "localizedDescription": "Close alert at specified date and time",
                "localizedName": "Close alert at specified date and time",
                "name": "Close alert at specified date and time",
                "optLockVersion": -1,
                "version": 1
            },
            {
                "actionGroupID": "AUTO_CLOSE_ALERT",
                "builtInFlag": false,
                "bulkApplyFlag": false,
                "description": "Close an alert after 1 hour",
                "id": "SFD_AUTO_CLOSE_ALERT_DISPOSITION",
                "includeTxMarkingsFlag": false,
                "localizedDescription": "Close an alert after 1 hour",
                "localizedName": "Close an alert after 1 hour",
                "name": "Close an alert after 1 hour",
                "optLockVersion": -1,
                "version": 1
            },
            {
                "actionGroupID": "SFD_CLOSED_PRODUCTIVE",
                "builtInFlag": false,
                "bulkApplyFlag": false,
                "description": "Closed as productive",
                "id": "SFD_CLOSED_PRODUCTIVE_DISPOSITION",
                "includeTxMarkingsFlag": false,
                "localizedDescription": "Closed as productive",
                "localizedName": "Closed as productive",
                "name": "Closed as productive",
                "optLockVersion": -1,
                "version": 1
            },
            {
                "actionGroupID": "SFD_CLOSED_UNPRODUCTIVE",
                "builtInFlag": false,
                "bulkApplyFlag": false,
                "description": "Closed as unproductive",
                "id": "SFD_CLOSED_UNPRODUCTIVE_DISPOSITION",
                "includeTxMarkingsFlag": false,
                "localizedDescription": "Closed as unproductive",
                "localizedName": "Closed as unproductive",
                "name": "Closed as unproductive",
                "optLockVersion": -1,
                "version": 1
            },
            {
                "actionGroupID": "SFD_CLOSED_INDETERMINATE",
                "builtInFlag": false,
                "bulkApplyFlag": false,
                "description": "Close as Indeterminate",
                "id": "SFD_CLOSED_INDETERMINATE_DISPOSITION",
                "includeTxMarkingsFlag": false,
                "localizedDescription": "Close as Indeterminate",
                "localizedName": "Closed indeterminate",
                "name": "Closed indeterminate",
                "optLockVersion": -1,
                "version": 1
            },
            {
                "actionGroupID": "MOVE_TO_MANAGER_CORPORATE_AG",
                "builtInFlag": false,
                "bulkApplyFlag": false,
                "id": "MOVE_TO_MANGER_CORPORATE_Q",
                "includeTxMarkingsFlag": false,
                "localizedName": "Move to Manager Corporate Queue",
                "name": "Move to Manager Corporate Queue",
                "optLockVersion": -1,
                "reasonCodeListID": "SFD_REASON_CODES_CARD",
                "version": 1
            },
            {
                "actionGroupID": "MOVE_TO_MANAGER_INIVIDUAL_AG",
                "builtInFlag": false,
                "bulkApplyFlag": false,
                "id": "MOVE_TO_MANGER_INDIVIDUAL_Q",
                "includeTxMarkingsFlag": false,
                "localizedName": "Move to Manager Individual Queue",
                "name": "Move to Manager Individual Queue",
                "optLockVersion": -1,
                "reasonCodeListID": "SFD_REASON_CODES_CARD",
                "version": 1
            },
            {
                "actionGroupID": "AD_BUILT_IN_REACTIVATE",
                "builtInFlag": true,
                "bulkApplyFlag": true,
                "description": "Reactivate the alert immediately.",
                "id": "AD_BUILT_IN_REACTIVATE",
                "includeTxMarkingsFlag": false,
                "localizedDescription": "Reactivate the alert immediately.",
                "localizedName": "Reactivate Immediately",
                "name": "Reactivate Immediately",
                "optLockVersion": -1,
                "version": 1
            },
            {
                "actionGroupID": "SFD_INTERACTIVE_SUSPEND",
                "builtInFlag": false,
                "bulkApplyFlag": false,
                "description": "Set a date and time in a certain queue to resurface the alert.",
                "id": "SFD_RESCHEDULE_DISPOSITION",
                "includeTxMarkingsFlag": false,
                "localizedDescription": "Set a date and time in a certain queue to resurface the alert.",
                "localizedName": "Reschedule",
                "name": "Reschedule",
                "optLockVersion": -1,
                "version": 1
            },
            {
                "actionGroupID": "SFD_INTERACTIVE_SUSPEND",
                "builtInFlag": false,
                "bulkApplyFlag": false,
                "description": "Close alert at specified date and time.",
                "id": "SFD_SAVE_PENDING_DISPOSITION",
                "includeTxMarkingsFlag": false,
                "localizedDescription": "Close alert at specified date and time.",
                "localizedName": "Save pending",
                "name": "Save pending",
                "optLockVersion": -1,
                "version": 1
            },
            {
                "actionGroupID": "SFD_INTERACTIVE_SUSPEND",
                "builtInFlag": false,
                "bulkApplyFlag": false,
                "description": "interactive suspend and multi-kafka actions.",
                "id": "SFD_SEND_OUTBOUND_DISPOSITION",
                "includeTxMarkingsFlag": false,
                "localizedDescription": "interactive suspend and multi-kafka actions.",
                "localizedName": "Send outbound contact",
                "name": "Send outbound contact",
                "optLockVersion": -1,
                "version": 1
            },
            {
                "actionGroupID": "SFD_SKIP_ALERT",
                "builtInFlag": false,
                "bulkApplyFlag": false,
                "description": "skip to the next alert. the original alert stays in the queue and its status becomes Suspended for one hour.",
                "id": "SFD_SKIP_ALERT_DISPOSITION",
                "includeTxMarkingsFlag": false,
                "localizedDescription": "skip to the next alert. the original alert stays in the queue and its status becomes Suspended for one hour.",
                "localizedName": "Skip",
                "name": "Skip",
                "optLockVersion": -1,
                "version": 1
            }
        ]
    ]
}