{
    "post": "/alerts/dispositions",
    "contentType": "application/vnd.sas.collection.triage.disposition+json",
    "body": [
        [
            {
                "actionGroupID": "AD_BUILT_IN_CLOSE",
                "builtInFlag": true,
                "bulkApplyFlag": false,
                "description": "Close the alert immediately.",
                "id": "AD_BUILT_IN_CLOSE",
                "includeTxMarkingsFlag": false,
                "localizedDescription": "Close the alert immediately.",
                "localizedName": "Close Immediately",
                "name": "Close Immediately",
                "optLockVersion": -1,
                "version": 1
            },
            {
                "actionGroupID": "SFD_INTERACTIVE_CLOSE",
                "builtInFlag": false,
                "bulkApplyFlag": false,
                "description": "Close alert at specified date and time",
                "id": "SFD_CLOSE_ALERT_AT_DT_DISPOSITION",
                "includeTxMarkingsFlag": false,
                "localizedDescription": "Close alert at specified date and time",
                "localizedName": "Close alert at specified date and time",
                "name": "Close alert at specified date and time",
                "optLockVersion": -1,
                "version": 1
            },
            {
                "actionGroupID": "SFD_AUTO_CLOSE_ALERT_1_HOUR",
                "builtInFlag": false,
                "bulkApplyFlag": false,
                "description": "Close an alert after 1 hour",
                "id": "SFD_AUTO_CLOSE_ALERT_DISPOSITION",
                "includeTxMarkingsFlag": false,
                "localizedDescription": "Close an alert after 1 hour",
                "localizedName": "Close an alert after 1 hour",
                "name": "Close an alert after 1 hour",
                "optLockVersion": -1,
                "version": 1
            },
            {
                "actionGroupID": "SFD_CLOSED_INDETERMINATE",
                "builtInFlag": false,
                "bulkApplyFlag": false,
                "description": "sets the productivity rating as Indeterminate and alert status as AUTO-CLOSE for 30 days",
                "id": "SFD_CLOSED_INDETERMINATE_DISPOSITION",
                "includeTxMarkingsFlag": false,
                "localizedDescription": "sets the productivity rating as Indeterminate and alert status as AUTO-CLOSE for 30 days",
                "localizedName": "Close as indeterminate",
                "name": "Close as indeterminate",
                "optLockVersion": -1,
                "version": 1
            },
            {
                "actionGroupID": "SFD_CLOSED_PRODUCTIVE",
                "builtInFlag": false,
                "bulkApplyFlag": false,
                "description": "sets the productivity rating as productive and the alert status as AUTO-CLOSE for 30 days",
                "id": "SFD_CLOSED_PRODUCTIVE_DISPOSITION",
                "includeTxMarkingsFlag": false,
                "localizedDescription": "sets the productivity rating as productive and the alert status as AUTO-CLOSE for 30 days",
                "localizedName": "Close as productive",
                "name": "Close as productive",
                "optLockVersion": -1,
                "version": 1
            },
            {
                "actionGroupID": "SFD_CLOSED_UNPRODUCTIVE",
                "builtInFlag": false,
                "bulkApplyFlag": false,
                "description": "sets the productivity rating as unproductive and alert status as AUTO-CLOSE for 30 days",
                "id": "SFD_CLOSED_UNPRODUCTIVE_DISPOSITION",
                "includeTxMarkingsFlag": false,
                "localizedDescription": "sets the productivity rating as unproductive and alert status as AUTO-CLOSE for 30 days",
                "localizedName": "Close as unproductive",
                "name": "Close as unproductive",
                "optLockVersion": -1,
                "version": 1
            },
            {
                "actionGroupID": "MOVE_TO_MANAGER_CORPORATE_AG",
                "builtInFlag": false,
                "bulkApplyFlag": false,
                "id": "MOVE_TO_MANGER_CORPORATE_Q",
                "includeTxMarkingsFlag": false,
                "localizedName": "Move to Manager Corporate Queue",
                "name": "Move to Manager Corporate Queue",
                "optLockVersion": -1,
                "reasonCodeListID": "SFD_REASON_CODES_CARD",
                "version": 1
            },
            {
                "actionGroupID": "MOVE_TO_MANAGER_INIVIDUAL_AG",
                "builtInFlag": false,
                "bulkApplyFlag": false,
                "id": "MOVE_TO_MANGER_INDIVIDUAL_Q",
                "includeTxMarkingsFlag": false,
                "localizedName": "Move to Manager Individual Queue",
                "name": "Move to Manager Individual Queue",
                "optLockVersion": -1,
                "reasonCodeListID": "SFD_REASON_CODES_CARD",
                "version": 1
            },
            {
                "actionGroupID": "AD_BUILT_IN_REACTIVATE",
                "builtInFlag": true,
                "bulkApplyFlag": true,
                "description": "Reactivate the alert immediately.",
                "id": "AD_BUILT_IN_REACTIVATE",
                "includeTxMarkingsFlag": false,
                "localizedDescription": "Reactivate the alert immediately.",
                "localizedName": "Reactivate Immediately",
                "name": "Reactivate Immediately",
                "optLockVersion": -1,
                "version": 1
            },
            {
                "actionGroupID": "SFD_SKIP_ALERT",
                "builtInFlag": false,
                "bulkApplyFlag": false,
                "description": "skip to the next alert. the original alert stays in the queue and its status becomes Suspended for one hour.",
                "id": "SFD_SKIP_ALERT_DISPOSITION",
                "includeTxMarkingsFlag": false,
                "localizedDescription": "skip to the next alert. the original alert stays in the queue and its status becomes Suspended for one hour.",
                "localizedName": "Skip",
                "name": "Skip",
                "optLockVersion": -1,
                "version": 1
            },
            {
                "actionGroupID": "SFD_INTERACTIVE_SUSPEND",
                "builtInFlag": false,
                "bulkApplyFlag": false,
                "description": "Sets status as SUSPEND until a specified date and time",
                "id": "SFD_INTERACTIVE_SUSPEND_DISPOSITION",
                "includeTxMarkingsFlag": false,
                "localizedDescription": "Sets status as SUSPEND until a specified date and time",
                "localizedName": "Suspend until specified date and time",
                "name": "Suspend until specified date and time",
                "optLockVersion": -1,
                "version": 1
            }
        ]
    ]
}