{
    "post": "/alerts/componentDefinitions",
    "contentType": "application/vnd.sas.collection.triage.component.definition+json",
    "body": [
        [
            {
                "definitionData": {
                    "childComponents": [
                        {
                            "config": {
                                "defaultMsgSingleSelection": "Make a single selection from the table above.",
                                "fields": [
                                    {
                                        "defaultLabel": "Rule Ref ID",
                                        "field": "transaction_data.transactionMessage.message.sas.rulefired[0].referenceIdentifier",
                                        "filter": true,
                                        "hide": false,
                                        "sortable": true
                                    },
                                    {
                                        "field": "transaction_data.transactionMessage.message.sas.rulefired.ruleIdentifier",
                                        "filter": true,
                                        "headerName": "Rule ID",
                                        "hide": true,
                                        "sortable": true
                                    },
                                    {
                                        "field": "transaction_data.alertFlg",
                                        "filter": true,
                                        "headerName": "Rule Alerted?",
                                        "hide": false,
                                        "sortable": true
                                    },
                                    {
                                        "field": "transaction_data.name",
                                        "filter": true,
                                        "headerName": "Rule Name",
                                        "hide": false,
                                        "sortable": true
                                    },
                                    {
                                        "field": "transaction_data.description",
                                        "filter": true,
                                        "headerName": "Rule Description",
                                        "hide": false,
                                        "sortable": true
                                    },
                                    {
                                        "field": "transaction_data.firedFlg",
                                        "filter": true,
                                        "headerName": "Rule Fired?",
                                        "hide": false,
                                        "sortable": true
                                    },
                                    {
                                        "field": "transaction_data.outcomeEntity",
                                        "filter": true,
                                        "headerName": "Outcome Entity",
                                        "hide": true,
                                        "sortable": true
                                    },
                                    {
                                        "field": "transaction_data.outcomeEntityType",
                                        "filter": true,
                                        "headerName": "Outcome Entity Type",
                                        "hide": true,
                                        "sortable": true
                                    }
                                ],
                                "numCols": 5,
                                "useServerSideDatasource": false
                            },
                            "datasources": [
                                {
                                    "id": "transaction_data",
                                    "request": {
                                        "uri": "/alertsTransaction/transactions/${@component.sfd_txViewer_card_paymentFraud.singleSelection.transactionID}?transactionTypeID=${@component.sfd_txViewer_card_paymentFraud.singleSelection.transactionTypeID}",
                                        "verb": "GET"
                                    }
                                }
                            ],
                            "id": "sfd_rulesFired_table",
                            "type": "EqualColumns"
                        }
                    ],
                    "config": {
                        "border": false,
                        "collapsible": false,
                        "defaultLabel": "Decisioning Rules"
                    },
                    "type": "Pane"
                },
                "id": "cust_sfd_rulesFired_pane",
                "optLockVersion": -1,
                "version": 1
            },
            {
                "definitionData": {
                    "childComponents": [
                        {
                            "config": {
                                "columns": [
                                    {
                                        "field": "transaction_data.firedFlg",
                                        "filter": true,
                                        "headerName": "Rule Fired?",
                                        "hide": false,
                                        "sortable": true
                                    },
                                    {
                                        "field": "transaction_data.alertFlg",
                                        "filter": true,
                                        "headerName": "Rule Alerted?",
                                        "hide": false,
                                        "sortable": true
                                    },
                                    {
                                        "field": "transaction_data.referenceIdentifier",
                                        "filter": true,
                                        "headerName": "Rule Ref ID",
                                        "hide": false,
                                        "sortable": true
                                    },
                                    {
                                        "field": "transaction_data.ruleIdentifier",
                                        "filter": true,
                                        "headerName": "Rule ID",
                                        "hide": true,
                                        "sortable": true
                                    },
                                    {
                                        "field": "transaction_data.name",
                                        "filter": true,
                                        "headerName": "Rule Name",
                                        "hide": false,
                                        "sortable": true
                                    },
                                    {
                                        "field": "transaction_data.description",
                                        "filter": true,
                                        "headerName": "Rule Description",
                                        "hide": false,
                                        "sortable": true
                                    },
                                    {
                                        "field": "transaction_data.outcomeEntity",
                                        "filter": true,
                                        "headerName": "Outcome Entity",
                                        "hide": true,
                                        "sortable": true
                                    },
                                    {
                                        "field": "transaction_data.outcomeEntityType",
                                        "filter": true,
                                        "headerName": "Outcome Entity Type",
                                        "hide": true,
                                        "sortable": true
                                    }
                                ],
                                "defaultMsgSingleSelection": "Make a single selection from the table above.",
                                "numCols": 5,
                                "useServerSideDatasource": false
                            },
                            "datasources": [
                                {
                                    "externalUri": "/alert/rulesFired/${@component.sfd_txViewer_debitcard.singleSelection.transactionID}?transactionID=${@component.sfd_txViewer_debitcard.singleSelection.transactionID}",
                                    "id": "transaction_data",
                                    "path": "rulefired"
                                }
                            ],
                            "id": "sfd_rulesFired_table",
                            "type": "Table"
                        }
                    ],
                    "config": {
                        "border": false,
                        "collapsible": false,
                        "defaultLabel": "Decisioning Rules"
                    },
                    "type": "Pane"
                },
                "id": "dc_sfd_rulesFired_pane",
                "optLockVersion": -1,
                "version": 1
            },
            {
                "definitionData": {
                    "childComponents": [
                        {
                            "config": {
                                "fields": [
                                    {
                                        "defaultLabel": "Account",
                                        "field": "sfd_account_data.account_type",
                                        "type": "string"
                                    },
                                    {
                                        "defaultLabel": "Number",
                                        "field": "sfd_account_data.account_number",
                                        "type": "string"
                                    },
                                    {
                                        "defaultLabel": "Activated",
                                        "field": "sfd_account_data.activated_date",
                                        "type": "string"
                                    },
                                    {
                                        "defaultLabel": "Opened",
                                        "field": "sfd_account_data.opened_date",
                                        "type": "string"
                                    },
                                    {
                                        "defaultLabel": "Joint Accounts",
                                        "field": "sfd_account_data.joint_acct_num",
                                        "type": "string"
                                    },
                                    {
                                        "defaultLabel": "Merchant Name",
                                        "field": "sfd_account_data.merchant_name",
                                        "type": "string"
                                    },
                                    {
                                        "defaultLabel": "Unique Identifier",
                                        "field": "sfd_account_data.unique_identifier",
                                        "type": "string"
                                    },
                                    {
                                        "defaultLabel": "Payment Channel",
                                        "field": "sfd_account_data.payment_channel",
                                        "type": "string"
                                    },
                                    {
                                        "defaultLabel": "Tap Card or Inserted SIM",
                                        "field": "sfd_account_data.tap_or_inserted_sim",
                                        "type": "string"
                                    }
                                ],
                                "numCols": 2
                            },
                            "datasources": [
                                {
                                    "externalUri": "/account/data/${contactEntityID}",
                                    "id": "sfd_account_data"
                                }
                            ],
                            "id": "sfd_account_kvps",
                            "type": "EqualColumns"
                        }
                    ],
                    "config": {
                        "collapsible": false,
                        "defaultLabel": "Account Information"
                    },
                    "type": "Pane"
                },
                "id": "sfd_account_pane",
                "optLockVersion": -1,
                "version": 1
            },
            {
                "definitionData": {
                    "childComponents": [
                        {
                            "config": {
                                "fields": [
                                    {
                                        "defaultLabel": "Provider",
                                        "field": "sfd_contact_data.provider",
                                        "type": "string"
                                    },
                                    {
                                        "defaultLabel": "Name",
                                        "field": "sfd_contact_data.contact_full_name",
                                        "type": "string"
                                    },
                                    {
                                        "defaultLabel": "Date of Birth",
                                        "field": "sfd_contact_data.dob",
                                        "type": "string"
                                    },
                                    {
                                        "defaultLabel": "Social Security Number",
                                        "field": "sfd_contact_data.ssn",
                                        "type": "string"
                                    },
                                    {
                                        "defaultLabel": "Credit Score",
                                        "field": "sfd_contact_data.credit_score",
                                        "type": "string"
                                    },
                                    {
                                        "defaultLabel": "City",
                                        "field": "sfd_contact_data.city",
                                        "type": "string"
                                    },
                                    {
                                        "defaultLabel": "State/Province",
                                        "field": "sfd_contact_data.state",
                                        "type": "string"
                                    },
                                    {
                                        "defaultLabel": "Street Address",
                                        "field": "sfd_contact_data.street_address",
                                        "type": "string"
                                    },
                                    {
                                        "defaultLabel": "Email Address",
                                        "field": "sfd_contact_data.email",
                                        "type": "string"
                                    },
                                    {
                                        "defaultLabel": "Phone",
                                        "field": "sfd_contact_data.phone",
                                        "type": "string"
                                    }
                                ],
                                "numCols": 2
                            },
                            "datasources": [
                                {
                                    "externalUri": "/contact/data/${contactEntityID}",
                                    "id": "sfd_contact_data"
                                }
                            ],
                            "id": "sfd_contact_kvps",
                            "type": "EqualColumns"
                        }
                    ],
                    "config": {
                        "collapsible": false,
                        "defaultLabel": "Contact Information"
                    },
                    "type": "Pane"
                },
                "id": "sfd_contact_pane",
                "optLockVersion": -1,
                "version": 1
            },
            {
                "definitionData": {
                    "childComponents": [
                        {
                            "config": {
                                "fields": [
                                    {
                                        "defaultLabel": "Joint Account Holder Names",
                                        "field": "sfd_customer_data.joint_holder_names",
                                        "type": "string"
                                    },
                                    {
                                        "defaultLabel": "Primary Account Holder Bank Name",
                                        "field": "sfd_customer_data.primary_holder_bank_name",
                                        "type": "string"
                                    }
                                ],
                                "numCols": 2
                            },
                            "datasources": [
                                {
                                    "externalUri": "/customer/data/${contactEntityID}",
                                    "id": "sfd_customer_data"
                                }
                            ],
                            "id": "sfd_customer_kvps",
                            "type": "EqualColumns"
                        }
                    ],
                    "config": {
                        "collapsible": false,
                        "defaultLabel": "Customer Information"
                    },
                    "type": "Pane"
                },
                "id": "sfd_customer_pane",
                "optLockVersion": -1,
                "version": 1
            },
            {
                "definitionData": {
                    "childComponents": [
                        {
                            "configID": "sfd_txViewer_card_paymentFraud",
                            "type": "Transactions"
                        }
                    ],
                    "type": "Pane"
                },
                "id": "sfd_txViewer_card_paymentFraud_pane",
                "optLockVersion": -1,
                "version": 1
            },
            {
                "definitionData": {
                    "childComponents": [
                        {
                            "configID": "sfd_txViewer_creditcard",
                            "type": "Transactions"
                        }
                    ],
                    "type": "Pane"
                },
                "id": "sfd_txViewer_creditcard_pane",
                "optLockVersion": -1,
                "version": 1
            },
            {
                "definitionData": {
                    "childComponents": [
                        {
                            "configID": "sfd_txViewer_debitcard",
                            "type": "Transactions"
                        }
                    ],
                    "type": "Pane"
                },
                "id": "sfd_txViewer_debitcard_pane",
                "optLockVersion": -1,
                "version": 1
            },
            {
                "definitionData": {
                    "childComponents": [
                        {
                            "configID": "sfd_txViewer_card_paymentFraud",
                            "defaultSize": "60%",
                            "type": "Transactions"
                        },
                        {
                            "childComponents": [
                                {
                                    "configID": "cust_sfd_rulesFired_pane"
                                }
                            ],
                            "defaultSize": "40%",
                            "id": "selected_transaction_details_pane1",
                            "type": "Pane"
                        }
                    ],
                    "config": {
                        "border": false,
                        "collapsible": false
                    },
                    "type": "Pane"
                },
                "id": "ui_customer_txs_with_select_pane",
                "optLockVersion": -1,
                "version": 1
            }
        ]
    ]
}