{
    "post": "/alerts/componentDefinitions",
    "contentType": "application/vnd.sas.collection.triage.component.definition+json",
    "body": [
        [
            {
                "definitionData": {
                    "childComponents": [
                        {
                            "config": {
                                "fields": [
                                    {
                                        "defaultLabel": "Account",
                                        "field": "sfd_account_data.account_type",
                                        "type": "string"
                                    },
                                    {
                                        "defaultLabel": "Number",
                                        "field": "sfd_account_data.account_number",
                                        "type": "string"
                                    },
                                    {
                                        "defaultLabel": "Activated",
                                        "field": "sfd_account_data.activated_date",
                                        "type": "string"
                                    },
                                    {
                                        "defaultLabel": "Opened",
                                        "field": "sfd_account_data.opened_date",
                                        "type": "string"
                                    },
                                    {
                                        "defaultLabel": "Joint Accounts",
                                        "field": "sfd_account_data.joint_acct_num",
                                        "type": "string"
                                    },
                                    {
                                        "defaultLabel": "Merchant Name",
                                        "field": "sfd_account_data.merchant_name",
                                        "type": "string"
                                    },
                                    {
                                        "defaultLabel": "Unique Identifier",
                                        "field": "sfd_account_data.unique_identifier",
                                        "type": "string"
                                    },
                                    {
                                        "defaultLabel": "Payment Channel",
                                        "field": "sfd_account_data.payment_channel",
                                        "type": "string"
                                    },
                                    {
                                        "defaultLabel": "Tap Card or Inserted SIM",
                                        "field": "sfd_account_data.tap_or_inserted_sim",
                                        "type": "string"
                                    }
                                ],
                                "numCols": 2
                            },
                            "datasources": [
                                {
                                    "externalUri": "/account/data/${contactEntityID}",
                                    "id": "sfd_account_data"
                                }
                            ],
                            "id": "sfd_account_kvps",
                            "type": "EqualColumns"
                        }
                    ],
                    "config": {
                        "collapsible": false,
                        "defaultLabel": "Account Information"
                    },
                    "type": "Pane"
                },
                "id": "sfd_account_pane",
                "optLockVersion": -1,
                "version": 1
            },
            {
                "definitionData": {
                    "childComponents": [
                        {
                            "config": {
                                "fields": [
                                    {
                                        "defaultLabel": "Provider",
                                        "field": "sfd_contact_data.provider",
                                        "type": "string"
                                    },
                                    {
                                        "defaultLabel": "Name",
                                        "field": "sfd_contact_data.contact_full_name",
                                        "type": "string"
                                    },
                                    {
                                        "defaultLabel": "Date of Birth",
                                        "field": "sfd_contact_data.dob",
                                        "type": "string"
                                    },
                                    {
                                        "defaultLabel": "Social Security Number",
                                        "field": "sfd_contact_data.ssn",
                                        "type": "string"
                                    },
                                    {
                                        "defaultLabel": "Credit Score",
                                        "field": "sfd_contact_data.credit_score",
                                        "type": "string"
                                    },
                                    {
                                        "defaultLabel": "City",
                                        "field": "sfd_contact_data.city",
                                        "type": "string"
                                    },
                                    {
                                        "defaultLabel": "State/Province",
                                        "field": "sfd_contact_data.state",
                                        "type": "string"
                                    },
                                    {
                                        "defaultLabel": "Street Address",
                                        "field": "sfd_contact_data.street_address",
                                        "type": "string"
                                    },
                                    {
                                        "defaultLabel": "Email Address",
                                        "field": "sfd_contact_data.email",
                                        "type": "string"
                                    },
                                    {
                                        "defaultLabel": "Phone",
                                        "field": "sfd_contact_data.phone",
                                        "type": "string"
                                    }
                                ],
                                "numCols": 2
                            },
                            "datasources": [
                                {
                                    "externalUri": "/contact/data/${contactEntityID}",
                                    "id": "sfd_contact_data"
                                }
                            ],
                            "id": "sfd_contact_kvps",
                            "type": "EqualColumns"
                        }
                    ],
                    "config": {
                        "collapsible": false,
                        "defaultLabel": "Contact Information"
                    },
                    "type": "Pane"
                },
                "id": "sfd_contact_pane",
                "optLockVersion": -1,
                "version": 1
            },
            {
                "definitionData": {
                    "childComponents": [
                        {
                            "config": {
                                "fields": [
                                    {
                                        "defaultLabel": "Joint Account Holder Names",
                                        "field": "sfd_customer_data.joint_holder_names",
                                        "type": "string"
                                    },
                                    {
                                        "defaultLabel": "Primary Account Holder Bank Name",
                                        "field": "sfd_customer_data.primary_holder_bank_name",
                                        "type": "string"
                                    }
                                ],
                                "numCols": 2
                            },
                            "datasources": [
                                {
                                    "externalUri": "/customer/data/${contactEntityID}",
                                    "id": "sfd_customer_data"
                                }
                            ],
                            "id": "sfd_customer_kvps",
                            "type": "EqualColumns"
                        }
                    ],
                    "config": {
                        "collapsible": false,
                        "defaultLabel": "Customer Information"
                    },
                    "type": "Pane"
                },
                "id": "sfd_customer_pane",
                "optLockVersion": -1,
                "version": 1
            },
            {
                "definitionData": {
                    "childComponents": [
                        {
                            "configID": "sfd_txViewer_card_paymentFraud",
                            "type": "Transactions"
                        }
                    ],
                    "type": "Pane"
                },
                "id": "sfd_txViewer_card_paymentFraud_pane",
                "optLockVersion": -1,
                "version": 1
            },
            {
                "definitionData": {
                    "childComponents": [
                        {
                            "configID": "sfd_txViewer_creditcard",
                            "type": "Transactions"
                        }
                    ],
                    "type": "Pane"
                },
                "id": "sfd_txViewer_creditcard_pane",
                "optLockVersion": -1,
                "version": 1
            },
            {
                "definitionData": {
                    "childComponents": [
                        {
                            "configID": "sfd_txViewer_debitcard",
                            "type": "Transactions"
                        }
                    ],
                    "type": "Pane"
                },
                "id": "sfd_txViewer_debitcard_pane",
                "optLockVersion": -1,
                "version": 1
            }
        ]
    ]
}