{
    "post": "/alerts/queues/sfd_payment_fraud/dispositions",
    "contentType": "application/json",
    "body": [
        {
            "dispositions": [
                {
                    "id": "AD_BUILT_IN_CLOSE"
                },
                {
                    "id": "SFD_CLOSED_INDETERMINATE_DISPOSITION"
                },
                {
                    "id": "SFD_CLOSED_PRODUCTIVE_DISPOSITION"
                },
                {
                    "id": "SFD_CLOSED_UNPRODUCTIVE_DISPOSITION"
                },
                {
                    "id": "AD_BUILT_IN_REACTIVATE"
                },
                {
                    "id": "SFD_RESCHEDULE_DISPOSITION"
                },
                {
                    "id": "SFD_SAVE_PENDING_DISPOSITION"
                },
                {
                    "id": "SFD_SEND_OUTBOUND_DISPOSITION"
                },
                {
                    "id": "SFD_SKIP_ALERT_DISPOSITION"
                }
            ]
        }
    ]
}