{
    "post": "/alerts/pageDefinitions",
    "contentType": "application/vnd.sas.collection.triage.page.definition+json",
    "body": [
        [
            {
                "definitionData": {
                    "panes": [
                        {
                            "coordinates": [
                                0,
                                0
                            ],
                            "defaultSize": "25%",
                            "links": [
                                {
                                    "href": "/account/data/${contactEntityID}",
                                    "itemType": "account",
                                    "rel": "data"
                                },
                                {
                                    "href": "/account/meta",
                                    "itemType": "account",
                                    "rel": "metadata"
                                }
                            ],
                            "title": "Account"
                        },
                        {
                            "coordinates": [
                                0,
                                1
                            ],
                            "defaultSize": "50%",
                            "links": [
                                {
                                    "href": "/contact/data/${contactEntityID}",
                                    "itemType": "contact",
                                    "rel": "data"
                                },
                                {
                                    "href": "/contact/meta",
                                    "itemType": "contact",
                                    "rel": "metadata"
                                }
                            ],
                            "title": "Contact Information"
                        },
                        {
                            "coordinates": [
                                0,
                                2
                            ],
                            "defaultSize": "25%",
                            "links": [
                                {
                                    "href": "/customer/data/${contactEntityID}",
                                    "itemType": "customer",
                                    "rel": "data"
                                },
                                {
                                    "href": "/customer/meta",
                                    "itemType": "customer",
                                    "rel": "metadata"
                                }
                            ],
                            "title": "Customer"
                        },
                        {
                            "contentConfigId": "sfd_txViewer_card_paymentFraud",
                            "contentType": "table",
                            "coordinates": [
                                1,
                                0
                            ],
                            "title": "Transactions"
                        }
                    ],
                    "splitbarType": "horizontalCollapseUp"
                },
                "entityTypeID": "sfd_company",
                "id": "sfd_company_x_payment_fraud",
                "optLockVersion": -1,
                "triageTypeID": "sfd_payment_fraud",
                "version": 1
            },
            {
                "definitionData": {
                    "panes": [
                        {
                            "coordinates": [
                                0,
                                0
                            ],
                            "defaultSize": "25%",
                            "links": [
                                {
                                    "href": "/account/data/${contactEntityID}",
                                    "itemType": "account",
                                    "rel": "data"
                                },
                                {
                                    "href": "/account/meta",
                                    "itemType": "account",
                                    "rel": "metadata"
                                }
                            ],
                            "title": "Account"
                        },
                        {
                            "coordinates": [
                                0,
                                1
                            ],
                            "defaultSize": "50%",
                            "links": [
                                {
                                    "href": "/contact/data/${contactEntityID}",
                                    "itemType": "contact",
                                    "rel": "data"
                                },
                                {
                                    "href": "/contact/meta",
                                    "itemType": "contact",
                                    "rel": "metadata"
                                }
                            ],
                            "title": "Contact Information"
                        },
                        {
                            "coordinates": [
                                0,
                                2
                            ],
                            "defaultSize": "25%",
                            "links": [
                                {
                                    "href": "/customer/data/${contactEntityID}",
                                    "itemType": "customer",
                                    "rel": "data"
                                },
                                {
                                    "href": "/customer/meta",
                                    "itemType": "customer",
                                    "rel": "metadata"
                                }
                            ],
                            "title": "Customer"
                        },
                        {
                            "contentConfigId": "sfd_txViewer_card_paymentFraud",
                            "contentType": "table",
                            "coordinates": [
                                1,
                                0
                            ],
                            "title": "Transactions"
                        }
                    ],
                    "splitbarType": "horizontalCollapseUp"
                },
                "entityTypeID": "sfd_creditacc",
                "id": "sfd_creditacc_x_payment_fraud",
                "optLockVersion": -1,
                "triageTypeID": "sfd_payment_fraud",
                "version": 1
            },
            {
                "definitionData": {
                    "panes": [
                        {
                            "coordinates": [
                                0,
                                0
                            ],
                            "defaultSize": "25%",
                            "links": [
                                {
                                    "href": "/account/data/${contactEntityID}",
                                    "itemType": "account",
                                    "rel": "data"
                                },
                                {
                                    "href": "/account/meta",
                                    "itemType": "account",
                                    "rel": "metadata"
                                }
                            ],
                            "title": "Account"
                        },
                        {
                            "coordinates": [
                                0,
                                1
                            ],
                            "defaultSize": "50%",
                            "links": [
                                {
                                    "href": "/contact/data/${contactEntityID}",
                                    "itemType": "contact",
                                    "rel": "data"
                                },
                                {
                                    "href": "/contact/meta",
                                    "itemType": "contact",
                                    "rel": "metadata"
                                }
                            ],
                            "title": "Contact Information"
                        },
                        {
                            "coordinates": [
                                0,
                                2
                            ],
                            "defaultSize": "25%",
                            "links": [
                                {
                                    "href": "/customer/data/${contactEntityID}",
                                    "itemType": "customer",
                                    "rel": "data"
                                },
                                {
                                    "href": "/customer/meta",
                                    "itemType": "customer",
                                    "rel": "metadata"
                                }
                            ],
                            "title": "Customer"
                        },
                        {
                            "contentConfigId": "sfd_txViewer_card_paymentFraud",
                            "contentType": "table",
                            "coordinates": [
                                1,
                                0
                            ],
                            "title": "Transactions"
                        }
                    ],
                    "splitbarType": "horizontalCollapseUp"
                },
                "entityTypeID": "sfd_creditcard",
                "id": "sfd_creditcard_x_payment_fraud",
                "optLockVersion": -1,
                "triageTypeID": "sfd_payment_fraud",
                "version": 1
            },
            {
                "definitionData": {
                    "panes": [
                        {
                            "coordinates": [
                                0,
                                0
                            ],
                            "defaultSize": "25%",
                            "links": [
                                {
                                    "href": "/account/data/${contactEntityID}",
                                    "itemType": "account",
                                    "rel": "data"
                                },
                                {
                                    "href": "/account/meta",
                                    "itemType": "account",
                                    "rel": "metadata"
                                }
                            ],
                            "title": "Account"
                        },
                        {
                            "coordinates": [
                                0,
                                1
                            ],
                            "defaultSize": "50%",
                            "links": [
                                {
                                    "href": "/contact/data/${contactEntityID}",
                                    "itemType": "contact",
                                    "rel": "data"
                                },
                                {
                                    "href": "/contact/meta",
                                    "itemType": "contact",
                                    "rel": "metadata"
                                }
                            ],
                            "title": "Contact Information"
                        },
                        {
                            "coordinates": [
                                0,
                                2
                            ],
                            "defaultSize": "25%",
                            "links": [
                                {
                                    "href": "/customer/data/${contactEntityID}",
                                    "itemType": "customer",
                                    "rel": "data"
                                },
                                {
                                    "href": "/customer/meta",
                                    "itemType": "customer",
                                    "rel": "metadata"
                                }
                            ],
                            "title": "Customer"
                        },
                        {
                            "contentConfigId": "sfd_txViewer_card_paymentFraud",
                            "contentType": "table",
                            "coordinates": [
                                1,
                                0
                            ],
                            "title": "Transactions"
                        }
                    ],
                    "splitbarType": "horizontalCollapseUp"
                },
                "entityTypeID": "sfd_customer",
                "id": "sfd_customer_x_online_fraud_cor",
                "optLockVersion": -1,
                "triageTypeID": "corporate_triage_type",
                "version": 1
            },
            {
                "definitionData": {
                    "panes": [
                        {
                            "coordinates": [
                                0,
                                0
                            ],
                            "defaultSize": "25%",
                            "links": [
                                {
                                    "href": "/account/data/${contactEntityID}",
                                    "itemType": "account",
                                    "rel": "data"
                                },
                                {
                                    "href": "/account/meta",
                                    "itemType": "account",
                                    "rel": "metadata"
                                }
                            ],
                            "title": "Account"
                        },
                        {
                            "coordinates": [
                                0,
                                1
                            ],
                            "defaultSize": "50%",
                            "links": [
                                {
                                    "href": "/contact/data/${contactEntityID}",
                                    "itemType": "contact",
                                    "rel": "data"
                                },
                                {
                                    "href": "/contact/meta",
                                    "itemType": "contact",
                                    "rel": "metadata"
                                }
                            ],
                            "title": "Contact Information"
                        },
                        {
                            "coordinates": [
                                0,
                                2
                            ],
                            "defaultSize": "25%",
                            "links": [
                                {
                                    "href": "/customer/data/${contactEntityID}",
                                    "itemType": "customer",
                                    "rel": "data"
                                },
                                {
                                    "href": "/customer/meta",
                                    "itemType": "customer",
                                    "rel": "metadata"
                                }
                            ],
                            "title": "Customer"
                        },
                        {
                            "contentConfigId": "sfd_txViewer_card_paymentFraud",
                            "contentType": "table",
                            "coordinates": [
                                1,
                                0
                            ],
                            "title": "Transactions"
                        }
                    ],
                    "splitbarType": "horizontalCollapseUp"
                },
                "entityTypeID": "sfd_customer",
                "id": "sfd_customer_x_online_fraud_ind",
                "optLockVersion": -1,
                "triageTypeID": "individual_triage_type",
                "version": 1
            },
            {
                "definitionData": {
                    "panes": [
                        {
                            "coordinates": [
                                0,
                                0
                            ],
                            "defaultSize": "25%",
                            "links": [
                                {
                                    "href": "/account/data/${contactEntityID}",
                                    "itemType": "account",
                                    "rel": "data"
                                },
                                {
                                    "href": "/account/meta",
                                    "itemType": "account",
                                    "rel": "metadata"
                                }
                            ],
                            "title": "Account"
                        },
                        {
                            "coordinates": [
                                0,
                                1
                            ],
                            "defaultSize": "50%",
                            "links": [
                                {
                                    "href": "/contact/data/${contactEntityID}",
                                    "itemType": "contact",
                                    "rel": "data"
                                },
                                {
                                    "href": "/contact/meta",
                                    "itemType": "contact",
                                    "rel": "metadata"
                                }
                            ],
                            "title": "Contact Information"
                        },
                        {
                            "coordinates": [
                                0,
                                2
                            ],
                            "defaultSize": "25%",
                            "links": [
                                {
                                    "href": "/customer/data/${contactEntityID}",
                                    "itemType": "customer",
                                    "rel": "data"
                                },
                                {
                                    "href": "/customer/meta",
                                    "itemType": "customer",
                                    "rel": "metadata"
                                }
                            ],
                            "title": "Customer"
                        },
                        {
                            "contentConfigId": "sfd_txViewer_card_paymentFraud",
                            "contentType": "table",
                            "coordinates": [
                                1,
                                0
                            ],
                            "title": "Transactions"
                        }
                    ],
                    "splitbarType": "horizontalCollapseUp"
                },
                "entityTypeID": "sfd_customer",
                "id": "sfd_customer_x_payment_fraud",
                "optLockVersion": -1,
                "triageTypeID": "sfd_payment_fraud",
                "version": 1
            },
            {
                "definitionData": {
                    "panes": [
                        {
                            "coordinates": [
                                0,
                                0
                            ],
                            "defaultSize": "25%",
                            "links": [
                                {
                                    "href": "/account/data/${contactEntityID}",
                                    "itemType": "account",
                                    "rel": "data"
                                },
                                {
                                    "href": "/account/meta",
                                    "itemType": "account",
                                    "rel": "metadata"
                                }
                            ],
                            "title": "Account"
                        },
                        {
                            "coordinates": [
                                0,
                                1
                            ],
                            "defaultSize": "50%",
                            "links": [
                                {
                                    "href": "/contact/data/${contactEntityID}",
                                    "itemType": "contact",
                                    "rel": "data"
                                },
                                {
                                    "href": "/contact/meta",
                                    "itemType": "contact",
                                    "rel": "metadata"
                                }
                            ],
                            "title": "Contact Information"
                        },
                        {
                            "coordinates": [
                                0,
                                2
                            ],
                            "defaultSize": "25%",
                            "links": [
                                {
                                    "href": "/customer/data/${contactEntityID}",
                                    "itemType": "customer",
                                    "rel": "data"
                                },
                                {
                                    "href": "/customer/meta",
                                    "itemType": "customer",
                                    "rel": "metadata"
                                }
                            ],
                            "title": "Customer"
                        },
                        {
                            "contentConfigId": "sfd_txViewer_card_paymentFraud",
                            "contentType": "table",
                            "coordinates": [
                                1,
                                0
                            ],
                            "title": "Transactions"
                        }
                    ],
                    "splitbarType": "horizontalCollapseUp"
                },
                "entityTypeID": "sfd_debitacc",
                "id": "sfd_debitacc_x_payment_fraud",
                "optLockVersion": -1,
                "triageTypeID": "sfd_payment_fraud",
                "version": 1
            },
            {
                "definitionData": {
                    "panes": [
                        {
                            "coordinates": [
                                0,
                                0
                            ],
                            "defaultSize": "25%",
                            "links": [
                                {
                                    "href": "/account/data/${contactEntityID}",
                                    "itemType": "account",
                                    "rel": "data"
                                },
                                {
                                    "href": "/account/meta",
                                    "itemType": "account",
                                    "rel": "metadata"
                                }
                            ],
                            "title": "Account"
                        },
                        {
                            "coordinates": [
                                0,
                                1
                            ],
                            "defaultSize": "50%",
                            "links": [
                                {
                                    "href": "/contact/data/${contactEntityID}",
                                    "itemType": "contact",
                                    "rel": "data"
                                },
                                {
                                    "href": "/contact/meta",
                                    "itemType": "contact",
                                    "rel": "metadata"
                                }
                            ],
                            "title": "Contact Information"
                        },
                        {
                            "coordinates": [
                                0,
                                2
                            ],
                            "defaultSize": "25%",
                            "links": [
                                {
                                    "href": "/customer/data/${contactEntityID}",
                                    "itemType": "customer",
                                    "rel": "data"
                                },
                                {
                                    "href": "/customer/meta",
                                    "itemType": "customer",
                                    "rel": "metadata"
                                }
                            ],
                            "title": "Customer"
                        },
                        {
                            "contentConfigId": "sfd_txViewer_card_paymentFraud",
                            "contentType": "table",
                            "coordinates": [
                                1,
                                0
                            ],
                            "title": "Transactions"
                        }
                    ],
                    "splitbarType": "horizontalCollapseUp"
                },
                "entityTypeID": "sfd_debitcard",
                "id": "sfd_debitcard_x_payment_fraud",
                "optLockVersion": -1,
                "triageTypeID": "sfd_payment_fraud",
                "version": 1
            },
            {
                "definitionData": {
                    "panes": [
                        {
                            "coordinates": [
                                0,
                                0
                            ],
                            "defaultSize": "25%",
                            "links": [
                                {
                                    "href": "/account/data/${contactEntityID}",
                                    "itemType": "account",
                                    "rel": "data"
                                },
                                {
                                    "href": "/account/meta",
                                    "itemType": "account",
                                    "rel": "metadata"
                                }
                            ],
                            "title": "Account"
                        },
                        {
                            "coordinates": [
                                0,
                                1
                            ],
                            "defaultSize": "50%",
                            "links": [
                                {
                                    "href": "/contact/data/${contactEntityID}",
                                    "itemType": "contact",
                                    "rel": "data"
                                },
                                {
                                    "href": "/contact/meta",
                                    "itemType": "contact",
                                    "rel": "metadata"
                                }
                            ],
                            "title": "Contact Information"
                        },
                        {
                            "coordinates": [
                                0,
                                2
                            ],
                            "defaultSize": "25%",
                            "links": [
                                {
                                    "href": "/customer/data/${contactEntityID}",
                                    "itemType": "customer",
                                    "rel": "data"
                                },
                                {
                                    "href": "/customer/meta",
                                    "itemType": "customer",
                                    "rel": "metadata"
                                }
                            ],
                            "title": "Customer"
                        },
                        {
                            "contentConfigId": "sfd_txViewer_card_paymentFraud",
                            "contentType": "table",
                            "coordinates": [
                                1,
                                0
                            ],
                            "title": "Transactions"
                        }
                    ],
                    "splitbarType": "horizontalCollapseUp"
                },
                "entityTypeID": "sfd_merchant",
                "id": "sfd_merchant_x_payment_fraud",
                "optLockVersion": -1,
                "triageTypeID": "sfd_payment_fraud",
                "version": 1
            }
        ]
    ]
}