{
    "post": "/alertsTransaction/transactionMarkConfig",
    "contentType": "application/vnd.sas.triage.transaction.mark.config+json",
    "body": [
        {
            "id": "sfd_txMark_confirmedFraud",
            "optLockVersion": -1,
            "reasonCodeListId": "",
            "rootMark": "confirm_invalid",
            "transactionMarkLabel": "Confirmed Fraud",
            "version": 1
        },
        {
            "id": "sfd_txMark_confirmedGenuine",
            "optLockVersion": -1,
            "reasonCodeListId": "",
            "rootMark": "confirm_valid",
            "transactionMarkLabel": "Confirmed Genuine",
            "version": 1
        },
        {
            "id": "sfd_txMark_needsReview",
            "optLockVersion": -1,
            "reasonCodeListId": "",
            "rootMark": "marked_for_review",
            "transactionMarkLabel": "Needs Review",
            "version": 1
        },
        {
            "id": "sfd_txMark_suspectedFraud",
            "optLockVersion": -1,
            "reasonCodeListId": "",
            "rootMark": "confirm_invalid",
            "transactionMarkLabel": "Suspected Fraud",
            "version": 1
        },
        {
            "id": "sfd_txMark_suspectedGenuine",
            "optLockVersion": -1,
            "reasonCodeListId": "",
            "rootMark": "confirm_valid",
            "transactionMarkLabel": "Suspected Genuine",
            "version": 1
        }
    ]
}