{
    "put": "/identities/groups/SASTriageUsers/groupMembers/{id}",
    "contentType": "application/vnd.sas.identity.group+json",
    "suppressErrors": [
        409
    ],
    "body": [
        {
            "id": "Fraud_Decisioning_Administrator"
        },
        {
            "id": "Fraud_Decisioning_Alert_Queues"
        },
        {
            "id": "Fraud_Decisioning_Investigator"
        },
        {
            "id": "Fraud_Decisioning_Manager"
        },
        {
            "id": "Fraud_Decisioning_Sr_Investigator"
        },
        {
            "id": "Fraud_Decisioning_Users_Triage_Card_Fraud"
        },
        {
            "id": "Fraud_Decisioning_Users_Triage_Payment_Fraud"
        },
        {
            "id": "high_corporate_group"
        },
        {
            "id": "high_individual_group"
        },
        {
            "id": "low_corporate_group"
        },
        {
            "id": "low_individual_group"
        },
        {
            "id": "manager_corporate_group"
        },
        {
            "id": "manager_individual_group"
        }
    ]
}